Sumer,Sumer123
Priyanshi,Priyanshi123
Utapal,Utapal123
Nayan,Nayan123
Ashmita,Ashmita
utapal1,Utapal11
sumer1,sumer123
mahesh1,mahesh123
